{
    "data": [
        {
            "bssid": '38:17:C3:18:00:68',
            "rssi": 8.26342537e-04
        },
        {
            "bssid": '38:17:C3:18:00:69',
            "rssi": 6.03064098e-04
        },
        {
            "bssid": '38:17:C3:18:00:70',
            "rssi": 5.45072556e-04
        },
        {
            "bssid": '38:17:C3:18:00:71',
            "rssi": 3.42770406e-04
        }
    ]
}